UPID,Flipkart_URL
16952423,https://www.flipkart.com/gespo-men-solid-casual-black-shirt/p/itm7940ed870e59f
16970079,https://www.flipkart.com/sapper-men-cargos/p/itmff6gjygwvhygx?pid=CRGFF647WZ4AEGPG&lid=LSTCRGFF647WZ4AEGPGDNR00B&marketplace=FLIPKART&sattr[]=color&st=color
16881094,https://www.flipkart.com/gentino-solid-men-polo-neck-green-t-shirt/p/itmb78b2f553a3e0?pid=TSHFPNX6WJCH5BGA&lid=LSTTSHFPNX6WJCH5BGAH1JUV5&marketplace=FLIPKART&store=clo%2Fash%2Fank%2Fedy&srno=b_1_3&otracker=browse&fm=organic&iid=222312e5-1fa7-4a01-b575-6560eafd2cd1.TSHFPNX6WJCH5BGA.SEARCH&ppt=browse&ppn=browse
14431435,https://www.flipkart.com/hangup-men-kurta-pyjama-set/p/itm01f080fc18242?pid=ETHEZZCWRCQ3TGYV&lid=LSTETHEZZCWRCQ3TGYV6GQGZQ&marketplace=FLIPKART&sattr[]=color&st=color&otracker=search
16970078,https://www.flipkart.com/sapper-men-cargos/p/itmff6gj59gxhvpp?pid=CRGFF647S7C3ZNZ8&lid=LSTCRGFF647S7C3ZNZ8MK6JJL&marketplace=FLIPKART&sattr[]=color&st=color
10855984,https://www.flipkart.com/shaily-retails-geometric-print-fashion-poly-georgette-saree/p/itm0ae8ac0d68d38?pid=SARESBGRW2VCTAVB&lid=LSTSARESBGRW2VCTAVBCQ4M43&marketplace=FLIPKART&q=Shaily&store=clo%2F8on%2Fzpd%2F9og&srno=s_1_1&otracker=search&otracker1=search&fm=SEARCH&iid=f8fbe594-e4d4-4e0b-affc-2d0f7e5f2508.SARESBGRW2VCTAVB.SEARCH&ppt=sp&ppn=sp&ssid=z26v5p5au80000001622521632826&qH=bf10ba890a901474
15160953,https://www.flipkart.com/gespo-solid-men-henley-neck-white-t-shirt/p/itm13ba74ada1fc4?pid=TSHFP6YNYUHHHHFK&lid=LSTTSHFP6YNYUHHHHFKFPOB08&marketplace=FLIPKART&q=GESPO&store=clo%2Fash%2Fank%2Fedy&srno=s_1_4&otracker=search&otracker1=search&fm=SEARCH&iid=e1d8d9cd-d1ec-487f-b7db-f99b12d37953.TSHFP6YNYUHHHHFK.SEARCH&ppt=sp&ppn=sp&ssid=7erptj6gkw0000001622521833586&qH=aaf13f1ad58f1243
17063746,https://www.flipkart.com/hangup-men-kurta-dhoti-pant-set/p/itm3c199f9a8455f?pid=ETHF58GFSD4QNXBZ&lid=LSTETHF58GFSD4QNXBZLYU8ZQ&marketplace=FLIPKART&q=Hang+Up&store=search.flipkart.com&srno=s_5_179&otracker=search&otracker1=search&fm=SEARCH&iid=9660ee88-db7e-4765-aed0-58180c8ef2ec.ETHF58GFSD4QNXBZ.SEARCH&ppt=sp&ppn=sp&ssid=zp06ulagw00000001622523245417&qH=e3a485b0c5110205
17574181,https://www.flipkart.com/yash-gallery-women-floral-print-flared-kurta/p/itm8b75a4d6efb75?pid=KTAFUPTRQGW2JDWS&lid=LSTKTAFUPTRQGW2JDWSLROJB1&marketplace=FLIPKART&sattr[]=color&st=color
17499447,https://www.flipkart.com/jaipur-vastra-women-top-skirt-set/p/itm5d6f2ee58de6a?pid=ETHFZYWFBCJHNHTN&lid=LSTETHFZYWFBCJHNHTNVMXWVK&marketplace=FLIPKART&store=clo%2Fcfv%2Fitg%2Ftys&srno=b_1_20&otracker=browse&fm=organic&iid=f06a71eb-b289-4870-9d9e-be6e441dfab4.ETHFZYWFBCJHNHTN.SEARCH&ppt=browse&ppn=browse&ssid=gbw721hem80000001622525045169
17563056,https://www.flipkart.com/cotrel-regular-fit-women-white-trousers/p/itm6dafb9b142ce4?pid=TROGYEJDMTGXZGF7&lid=LSTTROGYEJDMTGXZGF7Y9VTJG&marketplace=FLIPKART&sattr[]=color&st=color
11573890,https://www.flipkart.com/shaily-retails-printed-fashion-poly-georgette-saree/p/itm59d2868843fa9?pid=SARESBGRWDGYXJGA&lid=LSTSARESBGRWDGYXJGAPUEST6&marketplace=FLIPKART&store=clo%2F8on%2Fzpd%2F9og&srno=b_1_14&otracker=browse&fm=organic&iid=dada26dc-2968-42d8-99a3-865be3893423.SARESBGRWDGYXJGA.SEARCH&ppt=browse&ppn=browse&ssid=pqaqccpb9s0000001622528904025
17642690,https://www.flipkart.com/serving-princess-women-embroidered-straight-kurta/p/itm4bd63b38879ff?pid=KTAG39Y4CHXYWGNE&lid=LSTKTAG39Y4CHXYWGNE9RKEDF&marketplace=FLIPKART&store=clo%2Fcfv%2Fcib%2Frkt&srno=b_1_4&otracker=browse&fm=organic&iid=9f70091e-3c0b-4e9b-84dc-ac13134263ec.KTAG39Y4CHXYWGNE.SEARCH&ppt=None&ppn=None&ssid=dr83ohs9cg0000001622528999172
17577877,https://www.flipkart.com/austin-wood-striped-men-round-neck-white-t-shirt/p/itmca7376db78ff0?pid=TSHGYZ4AHYJ94WZG&lid=LSTTSHGYZ4AHYJ94WZG7NFYUV&marketplace=FLIPKART&store=clo%2Fash%2Fank%2Fedy&srno=b_1_22&otracker=browse&fm=organic&iid=e1b834c4-a40c-4acb-b7e1-3b17dd5f59f7.TSHGYZ4AHYJ94WZG.SEARCH&ppt=browse&ppn=browse&ssid=ajtnspd8y80000001622529157109
17563357,https://www.flipkart.com/mutaqinoti-moccasins-luxury-leather-loafer-slip-ons-casual-penny-loafers-shoes-men/p/itm6fee14d83df8c?pid=SHOGYFM49DJYVGQK&lid=LSTSHOGYFM49DJYVGQKLQYDI9&marketplace=FLIPKART&store=osp%2Fcil%2Fe1f&srno=b_1_7&otracker=browse&fm=organic&iid=6033e4dc-252c-4934-a878-c761e8f28116.SHOGYFM49DJYVGQK.SEARCH&ppt=browse&ppn=browse&ssid=un8ccyrb4w0000001622529304239
15998023,https://www.flipkart.com/azira-women-printed-straight-kurta/p/itmfba06967b92b4
15591048,https://www.flipkart.com/yash-gallery-women-printed-anarkali-kurta/p/itm2329cb50d45a9?pid=KTAGF79HZ32SHN2B&lid=LSTKTAGF79HZ32SHN2BTC3S2O&marketplace=FLIPKART&q=Yash+Gallery&store=clo&srno=s_2_74&otracker=search&otracker1=search&fm=SEARCH&iid=97a2259e-4795-4f3e-ae65-739c2ca2a754.KTAGF79HZ32SHN2B.SEARCH&ppt=sp&ppn=sp&qH=e3da543ea4dbed4d
17147410,https://www.flipkart.com/urbano-fashion-slim-men-grey-jeans/p/itm8061dd5e15b32?pid=JEAFTZRVT4CPHC9Y&lid=LSTJEAFTZRVT4CPHC9YJNFEPE&marketplace=FLIPKART&q=Urbano+Fashion&store=clo&srno=s_1_10&otracker=search&otracker1=search&fm=SEARCH&iid=5d0a6be0-933b-461b-a926-61d12d398e18.JEAFTZRVT4CPHC9Y.SEARCH&ppt=sp&ppn=sp&ssid=w74uzl6ukw0000001622532181992&qH=8d2bb9706787e8a4
16881095,https://www.flipkart.com/gentino-solid-men-polo-neck-brown-t-shirt/p/itmfe002d1f3cb7d?pid=TSHFPNX6EMWZTKQG&lid=LSTTSHFPNX6EMWZTKQGVPPTSR&marketplace=FLIPKART&q=Gentino&store=clo%2Fash&srno=s_1_3&otracker=search&otracker1=search&fm=SEARCH&iid=60503e16-8c39-4a41-aaaa-1a3442166a69.TSHFPNX6EMWZTKQG.SEARCH&ppt=sp&ppn=sp&ssid=2hoibtx7rk0000001622532577650&qH=7ac506ac2dff7d53
16981917,https://www.flipkart.com/benstoke-men-kurta-churidar-set/p/itm419779da22208?pid=ETHFMGG59BDMHZSK&lid=LSTETHFMGG59BDMHZSKNPSZHV&marketplace=FLIPKART&sattr[]=color&st=color
15137523,https://www.flipkart.com/shaily-retails-floral-print-fashion-poly-georgette-saree/p/itmd6576bd00f1c7?pid=SARF2YYRXWNWKFRF&lid=LSTSARF2YYRXWNWKFRFO0TV49&marketplace=FLIPKART&q=Shaily+Green+Georgette+&store=clo%2F8on%2Fzpd%2F9og&srno=s_1_14&otracker=search&otracker1=search&fm=SEARCH&iid=3fbe0657-3a20-4864-b8cd-8d6542b61490.SARF2YYRXWNWKFRF.SEARCH&ppt=sp&ppn=sp&ssid=fv4odi1xhc0000001622531619279&qH=c2345b31a4dc13f5
17433938,https://www.flipkart.com/aks-women-self-design-straight-kurta/p/itmf4ygg7uhdzwmg?pid=KTAF4Y6G8XGKJ6NK&lid=LSTKTAF4Y6G8XGKJ6NKWVFPVO&marketplace=FLIPKART&q=Aks+Navy+Cotton+Straight+Kurta+&store=clo%2Fcfv%2Fcib%2Frkt&srno=s_1_5&otracker=search&otracker1=search&fm=SEARCH&iid=2cadf586-c366-462f-996c-371160f829cc.KTAF4Y6G8XGKJ6NK.SEARCH&ppt=sp&ppn=sp&ssid=tz3yxrd7fk0000001622531497147&qH=155b1e8341722f2b
16096699,https://www.flipkart.com/force-10-liberty-stephen-22-casuals-men/p/itmfhgcqhyhp4s8a?pid=SHOFC4YEJRZ56X9T&lid=LSTSHOFC4YEJRZ56X9TMZWZEN&marketplace=FLIPKART&store=osp&srno=b_1_5&otracker=browse&fm=organic&iid=fed15b50-7837-4a53-a61b-4e3d129a2cc4.SHOFC4YEJRZ56X9T.SEARCH&ppt=browse&ppn=browse&ssid=ea3qvf3i9s0000001622530412570
17356796,https://www.flipkart.com/hangup-men-pathani-suit-set/p/itm8a4f3b388f6e5?pid=ETHEZZD8TESGYFEY&lid=LSTETHEZZD8TESGYFEYXJEBFN&marketplace=FLIPKART&q=Hang+Up+Black+Solid+Pathani+Set&store=clo%2Fcfv%2Fitg%2Fpme&srno=s_1_15&otracker=search&otracker1=search&fm=SEARCH&iid=7462c829-682a-4fd8-8ef5-83ab104660ac.ETHEZZD8TESGYFEY.SEARCH&ppt=sp&ppn=sp&ssid=zcv3megkyo0000001622530214741&qH=59bd847e8014dced
17515421,https://www.flipkart.com/veirdo-color-block-men-polo-neck-reversible-maroon-black-t-shirt/p/itm114d7847b2fcd?pid=TSHFYTNYNJFJSHJK&lid=LSTTSHFYTNYNJFJSHJKDOHNLD&marketplace=FLIPKART&q=+Veirdo+Polo+T-Shirt&store=clo%2Fash%2Fank%2Fedy&srno=s_1_3&otracker=search&otracker1=search&fm=SEARCH&iid=caabf8b3-8ed9-416b-9477-579ff93cd0e0.TSHFYTNYNJFJSHJK.SEARCH&ppt=sp&ppn=sp&ssid=5xeqyz58y80000001622529855611&qH=3e50ad8dbb185f7b
17470826,https://www.flipkart.com/butterflies-steps-women-multicolor-wedges/p/itm1b85fa2d7d80e?pid=SNDFVNB89FHA7GQW&lid=LSTSNDFVNB89FHA7GQWATVWBI&marketplace=FLIPKART&sattr[]=color&sattr[]=size&st=color&otracker=search
15703765,https://www.flipkart.com/purple-state-men-solid-straight-kurta/p/itmfakwxa4brz3fr?pid=KTAFAJFFC6MXSHRV&lid=LSTKTAFAJFFC6MXSHRVPE2CJR&marketplace=FLIPKART&sattr[]=size&st=size
16339433,https://www.flipkart.com/amrutam-fab-embellished-bollywood-poly-georgette-saree/p/itm7f9ac701f7348
14431425,https://www.flipkart.com/hangup-men-kurta-pyjama-set/p/itmezrg4y8ydw5vg
15121406,https://www.flipkart.com/ak-fashion-women-maxi-dark-blue-dress/p/itme721253d7041a
17127026,https://www.flipkart.com/tissu-women-kurta-palazzo-set/p/itm4404aebcd1bca
16089801,https://www.flipkart.com/hangup-sleeveless-solid-men-nehru-jacket/p/itmffdcy3xharhak
17120267,https://www.flipkart.com/janasya-women-printed-a-line-kurta/p/itm5db6e5d59160c
17608666,https://www.flipkart.com/ishin-women-kurta-palazzo-set/p/itm7e560c1ac112d
16567866,"https://www.flipkart.com/gespo-solid-men-henley-neck-light-green-t-shirt/p/itme2499c21bbe55?pid=TSHFP6YNBXRYXJVJ&lid=LSTTSHFP6YNBXRYXJVJEUNMOR&marketplace=FLIPKART&cmpid=content_t-shirt_12477118216_u_8965229628_gmc_pla&tgi=sem,1,G,11214002,u,,,502923855084,,,,c,,,,,,,&ef_id=Cj0KCQjwktKFBhCkARIsAJeDT0hJd7ean0dD0nYif1uBMlDVlh0en7dG1dhlqEKwApMOADzw9uM_Rn0aAjBvEALw_wcB:G:s&s_kwcid=AL!739!3!502923855084!!!u!302763144225!&gclid=Cj0KCQjwktKFBhCkARIsAJeDT0hJd7ean0dD0nYif1uBMlDVlh0en7dG1dhlqEKwApMOADzw9uM_Rn0aAjBvEALw_wcB"
17084553,https://www.flipkart.com/campus-sutra-slim-men-dark-blue-jeans/p/itmdbdb6bdd04b5b?pid=JEAFRUQFPPTH9PFG&lid=LSTJEAFRUQFPPTH9PFG6CP5PE&marketplace=FLIPKART&sattr[]=color&sattr[]=size&st=size
17633668,"https://www.flipkart.com/juniper-women-kurta-palazzo-set/p/itmb588e40a4dcc3?pid=ETHGFJGH4TTVQ5GT&lid=LSTETHGFJGH4TTVQ5GTJT8MRJ&marketplace=FLIPKART&cmpid=content_ethnic-set_12477118216_u_8965229628_gmc_pla&tgi=sem,1,G,11214002,u,,,502923855084,,,,c,,,,,,,&ef_id=Cj0KCQjwktKFBhCkARIsAJeDT0jOjV4XGFIlwYU-RRRbj7Dm5Um4RA5Dws5PhL8aW3moZQyLREPehUAaAivxEALw_wcB:G:s&s_kwcid=AL!739!3!502923855084!!!u!302763144225!&gclid=Cj0KCQjwktKFBhCkARIsAJeDT0jOjV4XGFIlwYU-RRRbj7Dm5Um4RA5Dws5PhL8aW3moZQyLREPehUAaAivxEALw_wcB"
16729992,https://www.flipkart.com/gentino-solid-men-polo-neck-orange-t-shirt/p/itm41ace885747f5
17417562,https://www.flipkart.com/urbano-fashion-slim-men-brown-jeans/p/itm5cc79ccffb768
17063743,https://www.flipkart.com/hangup-men-kurta-dhoti-pant-set/p/itmcf3b66443a7c7
16909870,https://www.flipkart.com/bhama-couture-women-kurta-palazzo-set/p/itm801329a7ed805
17558236,https://www.flipkart.com/duke-men-brown-sandals/p/itma62c0acad4398?pid=SNDFVNF9GVKFWVY5&lid=LSTSNDFVNF9GVKFWVY50TBZKG&marketplace=FLIPKART&store=osp&srno=b_1_34&otracker=browse&fm=organic&iid=ba2e7847-8fcb-46f8-abab-6bb41f546f47.SNDFVNF9GVKFWVY5.SEARCH&ppt=browse&ppn=browse&ssid=psepk24xv40000001622530144230
17418342,https://www.flipkart.com/divena-women-printed-straight-kurta/p/itm8929baafae09f?pid=KTAFZYQTHPHFPDNQ&lid=LSTKTAFZYQTHPHFPDNQRNZMLT&marketplace=FLIPKART&store=clo%2Fcfv%2Fcib&srno=b_2_71&otracker=browse&fm=organic&iid=a971f56f-fd63-4889-876d-728d80169fd9.KTAFZYQTHPHFPDNQ.SEARCH&ppt=browse&ppn=browse&ssid=8uveimqh400000001622530070122
17420702,https://www.flipkart.com/divena-women-printed-anarkali-kurta/p/itm82e6a911cd1a2?pid=KTAFVNMKZU32Z6RM&lid=LSTKTAFVNMKZU32Z6RMMAICBL&marketplace=FLIPKART&store=clo%2Fcfv%2Fcib%2Frkt&srno=b_1_6&otracker=browse&fm=organic&iid=d44768ce-d9d2-45d4-895d-268d8e807f1a.KTAFVNMKZU32Z6RM.SEARCH&ppt=browse&ppn=browse&ssid=tk81sgto000000001622528046076
16056976,https://www.flipkart.com/fashion-basket-anarkali-gown/p/itmcb4e89cdb5f39
17499177,https://www.flipkart.com/duke-slippers/p/itm8e1eea4f0864e?pid=SFFFKGQSVSXTQVYJ&lid=LSTSFFFKGQSVSXTQVYJZHCSMU&marketplace=FLIPKART&store=osp%2Fcil%2Fe1r&srno=b_1_8&otracker=browse&fm=organic&iid=fd6f2649-de7e-4874-a8c7-aa5f294faaf7.SFFFKGQSVSXTQVYJ.SEARCH&ppt=browse&ppn=browse&ssid=nn8f04oz1s0000001622529638296
16952432,https://www.flipkart.com/gespo-men-solid-casual-white-shirt/p/itm76e14dd1b0320
17147412,https://www.flipkart.com/urbano-fashion-solid-men-mandarin-collar-dark-green-t-shirt/p/itm65a34a7459ed1?pid=TSHFTHCT7JMKU3HU&lid=LSTTSHFTHCT7JMKU3HUXFDYZY&marketplace=FLIPKART&store=clo%2Fash%2Fank%2Fedy&srno=b_1_1&otracker=browse&fm=organic&iid=efa70ffa-8abe-4001-80fa-3fe96d4a9dcc.TSHFTHCT7JMKU3HU.SEARCH&ppt=browse&ppn=browse&ssid=ssx0ysyvlc0000001622530396838
17011393,"https://www.flipkart.com/gentino-color-block-men-round-neck-multicolor-t-shirt/p/itm15178835c27f4?pid=TSHFZTZYH82YB885&lid=LSTTSHFZTZYH82YB885O6OUPH&marketplace=FLIPKART&cmpid=content_t-shirt_12477118216_u_8965229628_gmc_pla&tgi=sem,1,G,11214002,u,,,502923855084,,,,c,,,,,,,&ef_id=Cj0KCQjwktKFBhCkARIsAJeDT0hD81ip-RexwxQhadYuYUwZ2qBDTWRC9b0e69d9yg5FYNijCoePSPsaAr7pEALw_wcB:G:s&s_kwcid=AL!739!3!502923855084!!!u!302763144225!&gclid=Cj0KCQjwktKFBhCkARIsAJeDT0hD81ip-RexwxQhadYuYUwZ2qBDTWRC9b0e69d9yg5FYNijCoePSPsaAr7pEALw_wcB"
16952427,https://www.flipkart.com/gespo-men-solid-casual-black-shirt/p/itm70e0074fd0ca4
17569137,https://www.flipkart.com/gespo-men-solid-casual-black-maroon-shirt/p/itm935ba2137054c?pid=SHTFX8WCR7JFHMHT&lid=LSTSHTFX8WCR7JFHMHTKWIM8E&marketplace=FLIPKART&store=clo&srno=b_1_10&otracker=browse&fm=organic&iid=814ded96-199d-43cd-862b-3235b453cfcb.SHTFX8WCR7JFHMHT.SEARCH&ppt=browse&ppn=browse&ssid=7t8ruup1340000001622531307042
13669961,https://www.flipkart.com/shaily-retails-printed-fashion-poly-georgette-saree/p/itm4a9eca793f3ae?pid=SARESBGRUWNMJUUA&lid=LSTSARESBGRUWNMJUUAO0PMOJ&marketplace=FLIPKART&store=clo%2F8on%2Fzpd%2F9og&srno=b_8_281&otracker=browse&fm=organic&iid=3aa5b2a0-2386-4b4c-97f8-e2032c5da346.SARESBGRUWNMJUUA.SEARCH&ppt=browse&ppn=browse&ssid=301b8hpom80000001622531391024
17594411,https://www.flipkart.com/benstoke-men-self-design-straight-kurta/p/itm4ff15cd426ed2
16974865,https://www.flipkart.com/bontebok-men-solid-asymmetric-kurta/p/itme91f7d54dece8?pid=KTAFMWQ9N4FNEWN7&lid=LSTKTAFMWQ9N4FNEWN7X5MWPR&marketplace=FLIPKART&store=clo%2Fcfv%2Fcib%2Fjks&srno=b_1_5&otracker=browse&fm=organic&iid=5158e11f-f5dc-46ff-9484-d957fe9eae5e.KTAFMWQ9N4FNEWN7.SEARCH&ppt=browse&ppn=browse&ssid=nyv9ytxc4w0000001622532573413
17602249,https://www.flipkart.com/tissu-women-printed-straight-kurta/p/itm4f9ca4e9ef678?pid=KTAGFYPUBZSEFHGY&lid=LSTKTAGFYPUBZSEFHGYHW8XZS&marketplace=FLIPKART&q=+Tissu+Grey+Rayon+Straight+Kurti&store=clo%2Fcfv%2Fcib%2Frkt&srno=s_1_1&otracker=search&otracker1=search&fm=SEARCH&iid=9896dcba-0014-4cbd-b31b-d336bfd8b884.KTAGFYPUBZSEFHGY.SEARCH&ppt=sp&ppn=sp&ssid=qyat4bl29s0000001622523320416&qH=d4606424715b5b80
16567844,https://www.flipkart.com/gespo-solid-men-round-neck-blue-t-shirt/p/itm92a1c7c69bcb9?pid=TSHFN93HSUF3PACB&lid=LSTTSHFN93HSUF3PACB6CG75A&marketplace=FLIPKART&q=GESPO+&store=clo%2Fash%2Fank%2Fedy&srno=s_1_21&otracker=search&otracker1=search&fm=SEARCH&iid=bac88593-2390-438c-80db-bd3ec20bdceb.TSHFN93HSUF3PACB.SEARCH&ppt=sp&ppn=sp&ssid=n563qhwxkw0000001622523495841&qH=e4e1ea250aef4ac0
16987237,https://www.flipkart.com/kipek-women-printed-straight-kurta/p/itm77102b3fbb915?pid=KTAFNWPE2BDXZ9FT&lid=LSTKTAFNWPE2BDXZ9FTKWBSMO&marketplace=FLIPKART&store=clo%2Fcfv%2Fcib&srno=b_1_27&otracker=browse&fm=organic&iid=f5414c4b-f90e-430f-a4fd-a8c20c58db96.KTAFNWPE2BDXZ9FT.SEARCH&ppt=browse&ppn=browse&ssid=4msxvf00680000001622523100334
14608234,https://www.flipkart.com/goodwill-impex-women-maxi-multicolor-dress/p/itmf3vcjkujvbuhw?pid=DREE8ZWV2P6DGW5C&lid=LSTDREE8ZWV2P6DGW5CTJAXRD&marketplace=FLIPKART&q=Cami+Neck+Smocked+Maxi+Dress+++GOODWILL&store=clo%2Fodx%2Fmaj%2Fjhy&srno=s_1_12&otracker=search&otracker1=search&fm=SEARCH&iid=45b71283-e71c-41c9-87af-b91825fc3566.DREE8ZWV2P6DGW5C.SEARCH&ppt=sp&ppn=sp&ssid=tjh0uw52680000001622523582503&qH=b118f6d955f84f55
16881093,https://www.flipkart.com/gentino-solid-men-polo-neck-dark-blue-t-shirt/p/itmcbddee5cb474c?pid=TSHFPNX6YG6RHKMM&lid=LSTTSHFPNX6YG6RHKMMWURCMA&marketplace=FLIPKART&q=Navy+Blue+Solid+Polo+T-Shirt++Gentino&store=clo%2Fash%2Fank%2Fedy&srno=s_1_5&otracker=search&otracker1=search&fm=SEARCH&iid=1fc607a5-dd2a-42f2-b6af-6bac5ceb9c83.TSHFPNX6YG6RHKMM.SEARCH&ppt=sp&ppn=sp&ssid=y1cr6ekhj40000001622523834555&qH=f226f41bc43e52b4
15121393,https://www.flipkart.com/ak-fashion-women-maxi-white-dress/p/itm49621560fd753
17633334,https://www.flipkart.com/hangup-men-ethnic-jacket-kurta-dhoti-pant-set/p/itmad6a132451ed9?pid=ETHGYU6FMQ8FNKSW&lid=LSTETHGYU6FMQ8FNKSWAXR0FM&marketplace=FLIPKART&q=+Hang+Up+Brown+Dhoti+Kurta+Set+With+Brown+Printed+Nehru+Jacket+&store=clo%2Fcfv%2Fitg%2Fpme&srno=s_1_6&otracker=search&otracker1=search&fm=SEARCH&iid=893ab239-d542-4ed3-a04e-322c3bf0f421.ETHGYU6FMQ8FNKSW.SEARCH&ppt=sp&ppn=sp&ssid=nqybllozf40000001622524474166&qH=579bb7f653f2a0ec
17605163,https://www.flipkart.com/harbor-n-bay-full-sleeve-printed-men-sweatshirt/p/itm5870b84a07688?pid=SWSGF7HKWH8KQMMA&lid=LSTSWSGF7HKWH8KQMMA3AGVEZ&marketplace=FLIPKART&store=clo%2Fqvw%2F64a%2Fvui
17433956,https://www.flipkart.com/aks-women-solid-straight-kurta/p/itmfgkh3fe7uvufp?pid=KTAFGJYKZHZQ6DH9&lid=LSTKTAFGJYKZHZQ6DH9PIWWAL&marketplace=FLIPKART&q=Black+Viscose+Straight+Kurta+Aks&store=clo%2Fcfv%2Fcib%2Frkt&srno=s_1_2&otracker=search&otracker1=search&fm=SEARCH&iid=e251f7a1-5a75-4101-a28e-cf7c63b5334b.KTAFGJYKZHZQ6DH9.SEARCH&ppt=sp&ppn=sp&ssid=ngf39d0i280000001622526764312&qH=7147bec0d3ec3781
16220729,https://www.flipkart.com/shoes-kingdom-shoes-lb772-loafers-men/p/itmf7gzgauh4bhfz?pid=SHOF7GG5FF5EBDB3&lid=LSTSHOF7GG5FF5EBDB3AINRCF&marketplace=FLIPKART&q=Blue+Leatherette+Slip+On+Loafers+Shoes+Kingdom&store=osp%2Fcil%2Fe1f&srno=s_1_2&otracker=search&otracker1=search&fm=SEARCH&iid=1402a695-be4e-4e93-abc7-c4083254618b.SHOF7GG5FF5EBDB3.SEARCH&ppt=sp&ppn=sp&ssid=53q13ms6bk0000001622527704059&qH=978741c0039799c9
17601508,https://www.flipkart.com/kirei-women-kurta-sharara-set/p/itmc0b115fc64854?pid=ETHG22AHPGBQ6EM6&lid=LSTETHG22AHPGBQ6EM6ZBHGJG&marketplace=FLIPKART&q=Black+Cotton+Kurta+Sharara+Set&store=clo%2Fcfv%2Fitg%2Ftys&srno=s_1_39&otracker=search&otracker1=search&fm=SEARCH&iid=8060d8a7-81a0-4375-bc63-3d5b3d2638f5.ETHG22AHPGBQ6EM6.SEARCH&ppt=sp&ppn=sp&ssid=4l8t5m17400000001622517437360&qH=82ebd4ac5ee7990b
17324840,https://www.flipkart.com/highlight-fashion-export-women-polka-print-straight-kurta/p/itmb2d146d30aa83?pid=KTAFVQKYHAQZQTZX&lid=LSTKTAFVQKYHAQZQTZXM897EU&marketplace=FLIPKART&q=Highlight+Fashion+Export&store=search.flipkart.com&srno=s_3_83&otracker=search&otracker1=search&fm=SEARCH&iid=664d80fe-310d-4932-85ff-7cc77313a1ad.KTAFVQKYHAQZQTZX.SEARCH&ppt=sp&ppn=sp&ssid=63bnxhs2qo0000001622517942875&qH=bb470df507424865
15726555,https://www.flipkart.com/purple-state-men-checkered-straight-kurta/p/itmfakwxzpwbuuav?pid=KTAFAKGU5HFYUHUF&lid=LSTKTAFAKGU5HFYUHUFQDBFIK&marketplace=FLIPKART&q=Purple+State+Long+Kurta+men&store=clo%2Fcfv%2Fcib%2Fjks&srno=s_2_41&otracker=search&otracker1=search&fm=SEARCH&iid=1cd6db21-d99d-4295-acb5-e9406e5cce36.KTAFAKGU5HFYUHUF.SEARCH&ppt=sp&ppn=sp&ssid=h5p7olpm0g0000001622519522173&qH=22efab4f7bd59fe3
16729993,https://www.flipkart.com/gentino-solid-men-polo-neck-blue-t-shirt/p/itm041c721321671?pid=TSHFNJYBQ9TNTB2Y&lid=LSTTSHFNJYBQ9TNTB2YCNTMMK&marketplace=FLIPKART&q=Gentino+Solid+Polo+T-Shirt&store=clo%2Fash%2Fank%2Fedy&srno=s_1_17&otracker=search&otracker1=search&fm=SEARCH&iid=911dc071-43eb-4cc8-a665-a64b74fe7f79.TSHFNJYBQ9TNTB2Y.SEARCH&ppt=sp&ppn=sp&qH=3d5a5e767af340e0
17596018,https://www.flipkart.com/kipek-women-kurta-palazzo-set/p/itm139c759b06583?pid=ETHGFXTFU6EHYUKN&lid=LSTETHGFXTFU6EHYUKN2OBVVN&marketplace=FLIPKART&q=Kipek+Grey+Cotton+Kurta+Palazzo+Set&store=clo%2Fcfv%2Fitg%2Ftys&srno=s_2_60&otracker=search&otracker1=search&fm=SEARCH&iid=22c3ebce-8802-4f82-a405-bf064a8e63a7.ETHGFXTFU6EHYUKN.SEARCH&ppt=sp&ppn=sp&ssid=2opacuh8ao0000001622520021591&qH=8ef67d9d858b2974
17415437,https://www.flipkart.com/myshka-women-gown-blue-dress/p/itm3d7aae4617134?pid=DREFXZVTZUH9DZN9&lid=LSTDREFXZVTZUH9DZN9LLXZB1&marketplace=FLIPKART&q=Myshka&store=clo&srno=s_1_10&otracker=search&otracker1=search&fm=SEARCH&iid=0f114bca-5f72-430f-aae6-8c3f080c6670.DREFXZVTZUH9DZN9.SEARCH&ppt=sp&ppn=sp&ssid=jwgqij7fbk0000001622521450404&qH=367acd7c963b1a29
17563336,https://www.flipkart.com/mutaqinoti-moccasins-luxury-leather-loafer-slip-ons-casual-penny-loafers-shoes-monk-strap-men/p/itm7e4deeb6d1574?pid=SHOGYDEGGAH4DZRZ&lid=LSTSHOGYDEGGAH4DZRZVBYYJX&marketplace=FLIPKART&q=Mutaqinoti+Brown+Patent+Leather+Slip+On+Loafers&store=osp%2Fcil&srno=s_1_26&otracker=search&otracker1=search&fm=SEARCH&iid=20fbd8c9-a918-47db-81aa-79075b8845b3.SHOGYDEGGAH4DZRZ.SEARCH&ppt=sp&ppn=sp&ssid=61m0w6ptk00000001622523088042&qH=41c2af50f9cccc07
16013524,https://www.flipkart.com/vbuyz-women-self-design-a-line-kurta/p/itmcbb01e1be9f5a?pid=KTAFEYGCGRBYFWTA&lid=LSTKTAFEYGCGRBYFWTAJG8IJF&marketplace=FLIPKART&q=Vbuyz&store=clo%2Fcfv&srno=s_1_4&otracker=search&otracker1=search&fm=SEARCH&iid=en_82zIW19QsvPQJONMouIAtPqJc3bGSkE9ggn%2F%2BKpx6iUj8B7YUdN6fQtBqrQdMeX%2BbVY%2B9oeSkIuhRyuzcNB%2F3A%3D%3D&ppt=sp&ppn=sp&ssid=6nbjzarrk00000001622523194396&qH=911db49045b38054
16978560,https://www.flipkart.com/austin-wood-striped-men-polo-neck-blue-t-shirt/p/itm8729bc21e07a5?pid=TSHFPJBC74ZHVGN2&lid=LSTTSHFPJBC74ZHVGN2FWQYBG&marketplace=FLIPKART&q=Austin+Wood&store=search.flipkart.com&srno=s_1_5&otracker=search&otracker1=search&fm=SEARCH&iid=133f8256-149b-411c-8091-98cf3d461b98.TSHFPJBC74ZHVGN2.SEARCH&ppt=sp&ppn=sp&ssid=unu0uik0dc0000001622523289490&qH=f1214e1b1a12cfc4
14937387,https://www.flipkart.com/new-ethnic-4-you-women-printed-straight-kurta/p/itm95848d4ca9a5d?pid=KTAGYFZGHWPQGZZ4&lid=LSTKTAGYFZGHWPQGZZ4H1GQ4Y&marketplace=FLIPKART&q=New+Ethnic+4+You+White+Crepe+Straight+Kurta&store=clo%2Fcfv%2Fcib%2Frkt&srno=s_2_51&otracker=search&otracker1=search&fm=SEARCH&iid=e4a41dbb-457f-442d-aebc-0c619555dca8.KTAGYFZGHWPQGZZ4.SEARCH&ppt=sp&ppn=sp&qH=cc61df85246d9e89
16906972,https://www.flipkart.com/camey-flared-women-dark-green-trousers/p/itm1e9bc2f091198?pid=TROFNNZG3Q3UV5Z3&lid=LSTTROFNNZG3Q3UV5Z3XPLM6C&marketplace=FLIPKART&sattr[]=color&st=color
14431422,https://www.flipkart.com/hangup-men-kurta-pyjama-set/p/itmezrgsbjgwggjt?pid=ETHEZZD9HSYYWPGZ&lid=LSTETHEZZD9HSYYWPGZ6YAEPH&marketplace=FLIPKART&sattr[]=color&st=color&otracker=search
16603855,https://www.flipkart.com/jaipur-vastra-women-printed-flared-kurta/p/itmb50392467251f?pid=KTAFH29FPZYDVAKJ&lid=LSTKTAFH29FPZYDVAKJIMAT6L&marketplace=FLIPKART&q=Jaipur+Vastra&store=clo&srno=s_2_71&otracker=search&otracker1=search&fm=SEARCH&iid=ae41b6cc-5862-4b6a-8aab-68a8ebc68195.KTAFH29FPZYDVAKJ.SEARCH&ppt=sp&ppn=sp&ssid=y1ogm70iqo0000001622526536097&qH=a86781f74ea085f2
16881092,https://www.flipkart.com/gentino-solid-men-polo-neck-black-t-shirt/p/itm6070c3ddf54c5?pid=TSHFM4YYWZRFJ575&lid=LSTTSHFM4YYWZRFJ575QTGSBZ&marketplace=FLIPKART&q=Gentino+Black+Solid+Polo+T-Shirt&store=clo%2Fash%2Fank%2Fedy&srno=s_1_3&otracker=search&otracker1=search&fm=SEARCH&iid=3f0a7cb1-4506-411b-9fad-04d6c9b66776.TSHFM4YYWZRFJ575.SEARCH&ppt=sp&ppn=sp&ssid=grpzvrismo0000001622527573587&qH=516b771a6977c7aa
15661126,https://www.flipkart.com/shyammc-casual-sleeveless-solid-women-maroon-top/p/itm7e5ae449f8d0b?pid=TUNFAHW7QYBV4FMG&lid=LSTTUNFAHW7QYBV4FMGFVNYGW&marketplace=FLIPKART&q=SHYAMMC&store=clo&srno=s_1_2&otracker=search&otracker1=search&fm=SEARCH&iid=2e279b5a-a180-44b8-a0db-7adbad524e92.TUNFAHW7QYBV4FMG.SEARCH&ppt=sp&ppn=sp&ssid=g497amoezk0000001622527707430&qH=4052e69d69547543
16974864,https://www.flipkart.com/benstoke-men-solid-asymmetric-kurta/p/itm04be147dfa222?pid=KTAFMGG67VFRVFKY&lid=LSTKTAFMGG67VFRVFKYCWSRBO&marketplace=FLIPKART&q=BENSTOKE&store=clo%2Fcfv&srno=s_2_76&otracker=search&otracker1=search&fm=SEARCH&iid=483feabb-1bd0-48ec-8d41-d5fa677f643d.KTAFMGG67VFRVFKY.SEARCH&ppt=sp&ppn=sp&qH=f226f41bc43e52b4
15620675,https://www.flipkart.com/veirdo-military-camouflage-men-hooded-multicolor-t-shirt/p/itmf9usmxfgxquck?pid=TSHF9RF7G2FUZYZJ&lid=LSTTSHF9RF7G2FUZYZJRGHIJL&marketplace=FLIPKART&q=Veirdo&store=clo&srno=s_1_19&otracker=search&otracker1=search&fm=SEARCH&iid=b9bacd50-9efe-45e5-9d8a-899fae949f73.TSHF9RF7G2FUZYZJ.SEARCH&ppt=sp&ppn=sp&ssid=gr5vzqfqjk0000001622529306590&qH=c5043a1986b65a3d
16228654,https://www.flipkart.com/yoyo-fashion-georgette-embroidered-salwar-suit-material/p/itmfg2eqzhg8wbzy?pid=SWDFFYS2GXD9ZZTH&lid=LSTSWDFFYS2GXD9ZZTHCZEYYO&marketplace=FLIPKART&q=YOYO+Fashion&store=clo&srno=s_1_36&otracker=search&otracker1=search&fm=SEARCH&iid=f936283b-bbde-4bcd-b43f-edfb6272c8b9.SWDFFYS2GXD9ZZTH.SEARCH&ppt=sp&ppn=sp&ssid=m1b14nfu0w0000001622529424240&qH=16a46023ce03551b
17090950,https://www.flipkart.com/jc4u-women-kurta-pant-set/p/itm4a399f22a643b?pid=ETHFT2FCHGEJJGSP&lid=LSTETHFT2FCHGEJJGSPTCOQUE&marketplace=FLIPKART&q=Jc4u&store=clo&srno=s_2_43&otracker=search&otracker1=search&fm=SEARCH&iid=9e5fd00d-70ca-4f5b-b211-31f0a1c955b8.ETHFT2FCHGEJJGSP.SEARCH&ppt=sp&ppn=sp&ssid=pylvfoeouo0000001622530492261&qH=5242f70883efd868
16993482,https://www.flipkart.com/mehsoos-women-resham-embroidery-straight-kurta/p/itm115a1943eda61?pid=KTAFQ9Y3GQ37B3YZ&lid=LSTKTAFQ9Y3GQ37B3YZ91FDWF&marketplace=FLIPKART&q=Mehsoos&store=search.flipkart.com&srno=s_1_5&otracker=search&otracker1=search&fm=SEARCH&iid=b021f641-172c-4dcd-9a7b-c8f87d387cb3.KTAFQ9Y3GQ37B3YZ.SEARCH&ppt=sp&ppn=sp&ssid=td9sbbp3740000001622530695852&qH=5ec909690be94769
16358848,https://www.flipkart.com/urbano-fashion-men-solid-casual-orange-shirt/p/itmfg4txp3rcxe9z?pid=SHTFHFZBX72YWBUP&lid=LSTSHTFHFZBX72YWBUPOXRRVO&marketplace=FLIPKART&q=Urbano+Fashion&store=clo&srno=s_6_209&otracker=search&otracker1=search&fm=SEARCH&iid=3a491423-e595-48d8-9c7c-a7e33142b4b1.SHTFHFZBX72YWBUP.SEARCH&ppt=sp&ppn=sp&ssid=ndv9m893f40000001622530842656&qH=8d2bb9706787e8a4
16056978,https://www.flipkart.com/yoyo-fashion-georgette-embroidered-gown-anarkali-kurta-bottom-material/p/itmfh6t6x8kcp2k4?pid=FABFH56G6HVRFFBR&lid=LSTFABFH56G6HVRFFBR0E22JZ&marketplace=FLIPKART&sattr[]=color&st=color
16993199,https://www.flipkart.com/liberty-force-10-oslo-2e-grey-walking-shoes-men/p/itm81936c5a2de73?pid=SHOFPHNQYJXHGR5W&lid=LSTSHOFPHNQYJXHGR5WKDSAFD&marketplace=FLIPKART&q=+Liberty+Shoes+Grey+Slip+On+Sport+Shoes&store=osp%2Fcil%2F1cu&srno=s_1_11&otracker=search&otracker1=search&fm=SEARCH&iid=b853a7d0-e67f-4ae4-8938-bdb9ef5f29f2.SHOFPHNQYJXHGR5W.SEARCH&ppt=sp&ppn=sp&ssid=oshilzb8og0000001622528976214&qH=c28d327c0c856228
17160898,https://www.flipkart.com/abh-lifestyle-men-sherwani-churidar-set/p/itmade690af38f0c?pid=ETHG2XH2JWY5ZVJS&lid=LSTETHG2XH2JWY5ZVJSL1Y9NG&marketplace=FLIPKART&q=BENSTOKE+Pink+Solid+Silk+Blend+Sherwani+Set+&store=clo%2Fcfv%2Fitg%2Fpme&srno=s_1_1&otracker=search&otracker1=search&fm=SEARCH&iid=5d31fb1b-5d6e-4456-8f24-389f7b3dd9e0.ETHG2XH2JWY5ZVJS.SEARCH&ppt=sp&ppn=sp&ssid=71jvyiqsdc0000001622529067892&qH=d34a9449fe0bde56
17594405,https://www.flipkart.com/benstoke-men-solid-asymmetric-kurta/p/itm9849318bd4123?pid=KTAFYJP2N5BU4WEN&lid=LSTKTAFYJP2N5BU4WENP30GUL&marketplace=FLIPKART&q=BENSTOKE+White+Solid+Asymmetric+Long+Kurta+&store=clo%2Fcfv%2Fcib%2Fjks&srno=s_1_14&otracker=search&otracker1=search&fm=SEARCH&iid=512bfbbe-a240-4582-a52f-e33517b3d63b.KTAFYJP2N5BU4WEN.SEARCH&ppt=sp&ppn=sp&ssid=fef39shju80000001622529163610&qH=9b3ce255ff1786d4
14090919,https://www.flipkart.com/shaily-retails-printed-fashion-poly-georgette-saree/p/itma98c7ce49e014?pid=SAREXAZGGZTFGU8Z&lid=LSTSAREXAZGGZTFGU8ZONJ0FO&marketplace=FLIPKART&q=Shaily+Yellow+Georgette+Printed+Saree+With+Blouse+&store=clo%2F8on%2Fzpd%2F9og&srno=s_1_17&otracker=search&otracker1=search&fm=SEARCH&iid=10930c0c-1981-4803-b9e9-ced74affc30e.SAREXAZGGZTFGU8Z.SEARCH&ppt=sp&ppn=sp&ssid=y07z7tu7w00000001622529281217&qH=8c3eaf408da500e8
16483567,https://www.flipkart.com/fashionuma-georgette-embroidered-gown-anarkali-kurta-bottom-material/p/itma10da48098e75?pid=FABFGXPWCU2AKBMT&lid=LSTFABFGXPWCU2AKBMTEXIY2Y&marketplace=FLIPKART&sattr[]=color&st=color&otracker=search
17608369,https://www.flipkart.com/urbano-fashion-military-camouflage-men-polo-neck-green-dark-green-t-shirt/p/itm22737c04477eb?pid=TSHGF7HEKG8RQ56S&lid=LSTTSHGF7HEKG8RQ56SPVEMU5&marketplace=FLIPKART&q=Urbano+Fashion+Olive+Green+Camouflage+Polo+T-Shirt+&store=clo%2Fash%2Fank%2Fedy&srno=s_1_11&otracker=search&otracker1=search&fm=SEARCH&iid=d3a85d2b-a379-406c-ae5b-4c57ed87ea90.TSHGF7HEKG8RQ56S.SEARCH&ppt=sp&ppn=sp&ssid=c7uaeqcfsw0000001622529535172&qH=52d8fd0fb4b339f3
17433984,https://www.flipkart.com/aks-women-printed-flared-kurta/p/itmc68ba90739bb7
16524173,https://www.flipkart.com/b-bella-creation-embroidered-fashion-vichitra-net-saree/p/itm4996a8b8fa0ed?pid=SARFHWYHXFVDF6QG&lid=LSTSARFHWYHXFVDF6QGUSFXLI&marketplace=FLIPKART&q=+B+BELLA+CREATION+Half+%26+Half+Embroidered+Saree+With+Blouse&store=clo%2F8on%2Fzpd%2F9og&srno=s_1_4&otracker=search&otracker1=search&fm=SEARCH&iid=c023b560-d5b1-4297-bc6a-a11ffe1e612a.SARFHWYHXFVDF6QG.SEARCH&ppt=sp&ppn=sp&ssid=fi9gsxobgg0000001622529847128&qH=c79b8804a97a4b8d
17461787,https://www.flipkart.com/mago-women-embroidered-straight-kurta/p/itm5e6e4bcb126c7?pid=KTAFYG8KSQZJ3WYC&lid=LSTKTAFYG8KSQZJ3WYCP78WDL&marketplace=FLIPKART&q=Mago+Embroidered+Straight+Kurta+&store=clo%2Fcfv%2Fcib%2Frkt&srno=s_1_12&otracker=search&otracker1=search&fm=SEARCH&iid=930fcf93-8fbf-4ff0-9c97-fb6b18fae682.KTAFYG8KSQZJ3WYC.SEARCH&ppt=sp&ppn=sp&ssid=3cgmebgfow0000001622529924488&qH=8576b4891b4c1be5
17403466,https://www.flipkart.com/vanca-floral-print-women-jumpsuit/p/itm7e1ccba029cfb?pid=JUMFXDTJFW8YTZPH&lid=LSTJUMFXDTJFW8YTZPHTLYYFJ&marketplace=FLIPKART&store=clo&srno=b_1_31&otracker=browse&fm=organic&iid=d24dbad4-26ff-474f-98fa-286e6d7a1da5.JUMFXDTJFW8YTZPH.SEARCH&ppt=browse&ppn=browse&ssid=i9hpw1mbo00000001622530689532
17585752,https://www.flipkart.com/hangup-men-pathani-suit-set/p/itm0f2add2961776?pid=ETHF7Q8TFZENVJNY&lid=LSTETHF7Q8TFZENVJNYMUGUK8&marketplace=FLIPKART&q=Hang+Up+Navy+Blue+Solid+Pathani+Set+&store=clo%2Fcfv%2Fitg%2Fpme&srno=s_1_2&otracker=search&otracker1=search&fm=SEARCH&iid=2e979774-ca51-4d43-a7c1-d2db89c8ab95.ETHF7Q8TFZENVJNY.SEARCH&ppt=sp&ppn=sp&ssid=3pb6wiwq6o0000001622530777033&qH=bea1db94b5664028
17084550,https://www.flipkart.com/campus-sutra-slim-men-dark-blue-jeans/p/itm8cea2de7f7d5a?pid=JEAFRUQFJCDRQPXB&lid=LSTJEAFRUQFJCDRQPXB1VKG6K&marketplace=FLIPKART&q=Campus+Sutra+Navy+Blue+Washed+Denim+Jogger+&store=clo%2Fvua%2Fk58%2Fi51&srno=s_1_28&otracker=search&otracker1=search&fm=SEARCH&iid=f3d1366f-516a-4d3e-a89b-d471995bedd7.JEAFRUQFJCDRQPXB.SEARCH&ppt=sp&ppn=sp&ssid=6nd94je6lc0000001622531151687&qH=0289a730a6478fd3
17594334,https://www.flipkart.com/benstoke-men-solid-straight-kurta/p/itma6aaa56afe73d?pid=KTAFTM5EVYSMSGFR&lid=LSTKTAFTM5EVYSMSGFR7J0TYM&marketplace=FLIPKART&store=clo%2Fcfv%2Fcib&srno=b_1_17&otracker=browse&fm=organic&iid=3c9173e4-c8ee-4dc4-8e47-cd9cb5e17d3a.KTAFTM5EVYSMSGFR.SEARCH&ppt=browse&ppn=browse&ssid=c1qm46e6q80000001622531762625
17605165,https://www.flipkart.com/harbor-n-bay-full-sleeve-printed-men-sweatshirt/p/itmb2d51f10823c5?pid=SWSGF7HDM3UMGFZY&lid=LSTSWSGF7HDM3UMGFZYKLCML6&marketplace=FLIPKART&sattr[]=size&st=size
17591607,https://www.flipkart.com/radiksa-women-embroidered-straight-kurta/p/itm312b633de67e1?pid=KTAFYK3H4ADDMAKT&lid=LSTKTAFYK3H4ADDMAKTLORUJZ&marketplace=FLIPKART&q=Radiksa+Kurta+&store=clo%2Fcfv%2Fcib%2Frkt&srno=s_1_13&otracker=search&otracker1=search&fm=SEARCH&iid=4ebdd119-e00b-430a-96ff-c1797256b8ef.KTAFYK3H4ADDMAKT.SEARCH&ppt=sp&ppn=sp&ssid=ce8uiaf37k0000001622532222970&qH=fbea7b6b3e894b60
16520360,https://www.flipkart.com/shoe-cloud-women-khaki-wedges/p/itm3c500164e39b0?pid=SNDFJ7TXCZ8XGGHE&lid=LSTSNDFJ7TXCZ8XGGHEYSFWNP&marketplace=FLIPKART&store=osp%2Fiko%2Fjpm&srno=b_1_3&otracker=browse&fm=organic&iid=81c9a411-c9cd-4ebb-9956-33cee44aeaad.SNDFJ7TXCZ8XGGHE.SEARCH&ppt=None&ppn=None&ssid=89gqzmu1kg0000001622532386302
16987211,https://www.flipkart.com/kipek-women-printed-straight-kurta/p/itmb7f8b4e82ce48?pid=KTAFNWPFEN5ZHSDS&lid=LSTKTAFNWPFEN5ZHSDSDX23JP&marketplace=FLIPKART&q=Kipek+&store=search.flipkart.com&srno=s_1_9&otracker=search&otracker1=search&fm=SEARCH&iid=f2b8d568-26b6-42ea-9dca-48c54686c343.KTAFNWPFEN5ZHSDS.SEARCH&ppt=sp&ppn=sp&ssid=rf0fjjcx7k0000001622532572760&qH=d6047fd4459b6c88
17588202,https://www.flipkart.com/purple-state-women-shirt-multicolor-dress/p/itm9bb3251026f2b?pid=DREFMQ7W38MZTZF5&lid=LSTDREFMQ7W38MZTZF5ECEAAT&marketplace=FLIPKART&q=+Purple+State+Button+Up+Striped+Shirt+Dress&store=clo%2Fodx%2Fmaj%2Fjhy&srno=s_1_2&otracker=search&otracker1=search&fm=SEARCH&iid=4d5abd09-8ad8-4782-aa57-2c57aac3a5f4.DREFMQ7W38MZTZF5.SEARCH&ppt=sp&ppn=sp&ssid=f8q66jqxsg0000001622532667734&qH=765bc33e7954fa50
17127049,https://www.flipkart.com/tissu-women-printed-flared-kurta/p/itm505c80787ffa1
17011426,https://www.flipkart.com/trendif-floral-print-crepe-women-kaftan/p/itmf127b067ce69e?pid=KAFFQY3W4YCYHJMB&lid=LSTKAFFQY3W4YCYHJMBSJXAHS&marketplace=FLIPKART&q=Trendif+Crepe+Kaftan&store=clo%2Fash%2Fohw%2F36j&srno=s_1_2&otracker=search&otracker1=search&fm=SEARCH&iid=b7f43492-94dc-4f3c-9da2-80ed843b5eb4.KAFFQY3W4YCYHJMB.SEARCH&ppt=sp&ppn=sp&ssid=9sqbh52vi80000001622521667536&qH=34bd889fc55b42e2
17203503,https://www.flipkart.com/austin-wood-striped-men-polo-neck-multicolor-t-shirt/p/itmf02a322ce646c?pid=TSHFSZUFKY247YKT&lid=LSTTSHFSZUFKY247YKTTKTPNE&marketplace=FLIPKART&q=Austin+Wood+Red+Striped+Polo&store=clo%2Fash%2Fank%2Fedy&srno=s_1_27&otracker=search&otracker1=search&fm=SEARCH&iid=af9f78f6-5a92-41d1-af4e-00fcdd7419b0.TSHFSZUFKY247YKT.SEARCH&ppt=sp&ppn=sp&qH=dbffa6da92c161c8
17147401,https://www.flipkart.com/urbano-fashion-slim-fit-men-grey-trousers/p/itm72d8edd68bb1d?pid=TROFTZS66JYD7NDD&lid=LSTTROFTZS66JYD7NDDEEIXL5&marketplace=FLIPKART&q=Urbano+Fashion+Grey+Solid+Chinos&store=clo%2Fvua%2Fmle%2Flhk&srno=s_1_3&otracker=search&otracker1=search&fm=SEARCH&iid=7070b1c1-1c69-409d-b5f0-3d43a8547cc9.TROFTZS66JYD7NDD.SEARCH&ppt=sp&ppn=sp&ssid=0ux799asyo0000001622521991357&qH=cc576b84cba8bb82
17399823,https://www.flipkart.com/gespo-color-block-men-round-neck-multicolor-t-shirt/p/itm61686dcc3c650?pid=TSHFXFMHBMYGZ7GV&lid=LSTTSHFXFMHBMYGZ7GVUV65PO&marketplace=FLIPKART&sattr[]=color&st=color
17076627,https://www.flipkart.com/kipek-women-kurta-skirt-set/p/itm97e01cc8dfeea?pid=ETHFRXXZBGNFQZNC&lid=LSTETHFRXXZBGNFQZNCSCYDSC&marketplace=FLIPKART&q=+Kipek+Printed+Kurta+Skirt+Set&store=clo%2Fcfv%2Fitg%2Ftys&srno=s_1_8&otracker=search&otracker1=search&fm=SEARCH&iid=5f01db5b-f171-4e3f-95e4-d946d06acaf0.ETHFRXXZBGNFQZNC.SEARCH&ppt=sp&ppn=sp&ssid=e2x40gwq7k0000001622522718509&qH=734a385a4785070f
17137659,https://www.flipkart.com/liberty-slippers/p/itm48d82e74ebf29?pid=SFFFPZ3YMKYQS7Y5&lid=LSTSFFFPZ3YMKYQS7Y5BJVYFR&marketplace=FLIPKART&q=Liberty+Slippers+Black+Toe+Separator+&store=osp&srno=s_1_2&otracker=search&otracker1=search&fm=SEARCH&iid=754639b0-286d-4c1b-8b64-54eb1aeb1404.SFFFPZ3YMKYQS7Y5.SEARCH&ppt=sp&ppn=sp&ssid=rgljfg87m80000001622522865438&qH=f9f7773b73e23fbf
15694960,https://www.flipkart.com/wc-right-solid-men-round-neck-black-t-shirt/p/itmfafnqqvhjdtbx
17596023,https://www.flipkart.com/kipek-indi-printed-kurta-palazzo-dupatta-set/p/itm59b90310681ca?pid=SWDGF4ZAHYFHAQBH&lid=LSTSWDGF4ZAHYFHAQBHTUDEHQ&marketplace=FLIPKART&q=+Kipek+Printed+Suit+Set&store=clo%2Fcfv%2Fitg%2Ftys&srno=s_2_65&otracker=search&otracker1=search&fm=SEARCH&iid=a444a9f4-cbf5-4851-a7ee-4b2b80335ff8.SWDGF4ZAHYFHAQBH.SEARCH&ppt=sp&ppn=sp&ssid=jnybkjhl340000001622523153878&qH=ed55f83517975f80
15204751,https://www.flipkart.com/purple-state-men-solid-straight-kurta/p/itmf6wcyyzrsh24t?pid=KTAF6VBHH7ZEZW4M&lid=LSTKTAF6VBHH7ZEZW4MPYHVSN&marketplace=FLIPKART&q=Purple+State++White+Medium+Kurta+men&store=clo%2Fcfv%2Fcib%2Fjks&srno=s_1_9&otracker=search&otracker1=search&fm=SEARCH&iid=309a7186-909a-4eac-ac77-b1e263767cab.KTAF6VBHH7ZEZW4M.SEARCH&ppt=sp&ppn=sp&ssid=qazda5vt400000001622523639548&qH=edce2dc4e6170461
17347474,https://www.flipkart.com/bukkl-slim-men-black-jeans/p/itm951708644113e?pid=JEAFVZW7GVVHWT3J&lid=LSTJEAFVZW7GVVHWT3JZERYJR&marketplace=FLIPKART&q=BUKKL&store=search.flipkart.com&srno=s_1_3&otracker=search&otracker1=search&fm=SEARCH&iid=e8b6301a-1734-48ef-8402-048aabea2b57.JEAFVZW7GVVHWT3J.SEARCH&ppt=sp&ppn=sp&ssid=sfqegze18g0000001622523363349&qH=9714ddb651d15d5e
14431418,https://www.flipkart.com/hangup-men-kurta-pyjama-set/p/itmezre9kmvhsfaq?pid=ETHEZZD9VHZTGNME&lid=LSTETHEZZD9VHZTGNMENREEV3&marketplace=FLIPKART&q=Hang+Up++Green+Silk+Payjama+Set+men&store=clo&srno=s_1_36&otracker=search&otracker1=search&fm=SEARCH&iid=e6e76022-53e5-4b68-ac8c-56c529ae9e12.ETHEZZD9VHZTGNME.SEARCH&ppt=sp&ppn=sp&ssid=c5k1w254kw0000001622523437050&qH=f1feea10eae62e2c
17594339,https://www.flipkart.com/benstoke-men-kurta-churidar-set/p/itm6e7964f774291?pid=ETHFMHW3WGBNVYRJ&lid=LSTETHFMHW3WGBNVYRJWF6IUZ&marketplace=FLIPKART&q=BENSTOKE+&store=clo%2Fcfv&srno=s_1_2&otracker=search&otracker1=search&fm=SEARCH&iid=6102da7a-540a-4ad7-ab3b-ae063f7ab369.ETHFMHW3WGBNVYRJ.SEARCH&ppt=sp&ppn=sp&ssid=ppxzcvohz40000001622523526437&qH=ada511cc9f445a00
17399820,https://www.flipkart.com/gespo-color-block-men-round-neck-multicolor-t-shirt/p/itmf41b03d8b170d?pid=TSHFX94JWMVFXZ9U&lid=LSTTSHFX94JWMVFXZ9UB92EPP&marketplace=FLIPKART&q=GESPO&store=clo%2Fash%2Fank%2Fedy&srno=s_1_7&otracker=search&otracker1=search&fm=SEARCH&iid=78b813cf-ee26-44a0-9859-ad63b0894d25.TSHFX94JWMVFXZ9U.SEARCH&ppt=sp&ppn=sp&ssid=e1mfsibsxs0000001622524790548&qH=aaf13f1ad58f1243
17483036,https://www.flipkart.com/aprique-fab-women-embroidered-solid-self-design-anarkali-kurta/p/itmf0386de41d7a9?pid=KTAFS5MXQNZHXAKQ&lid=LSTKTAFS5MXQNZHXAKQJ32D1C&marketplace=FLIPKART&sattr[]=color&st=color&otracker=search
17556972,https://www.flipkart.com/tissu-women-kurta-palazzo-set/p/itm6505ed20d2359?pid=ETHGF9NW6BFSFSH7&lid=LSTETHGF9NW6BFSFSH7E6BXZT&marketplace=FLIPKART&q=Tissu+Floral+Kurta&store=clo%2Fcfv&srno=s_1_3&otracker=search&otracker1=search&fm=SEARCH&iid=cc67799c-8e3b-4bbb-9f93-634be7c15528.ETHGF9NW6BFSFSH7.SEARCH&ppt=sp&ppn=sp&ssid=v6ag7bowa80000001622525229949&qH=7cf76197181bf54b
15121394,https://www.flipkart.com/ak-fashion-women-maxi-white-dress/p/itmd7245fdbbd844?pid=DREFX7A3ZTSSDYQH&lid=LSTDREFX7A3ZTSSDYQHSNS9EG&marketplace=FLIPKART&q=A+K+Fashion+Checkered+Maxi+Dress&store=clo%2Fodx%2Fmaj%2Fjhy&srno=s_1_13&otracker=search&otracker1=search&fm=SEARCH&iid=446f2d08-0804-43a6-9b34-b922c580f563.DREFX7A3ZTSSDYQH.SEARCH&ppt=sp&ppn=sp&qH=111d8b5dc0f3944a
16943498,https://www.flipkart.com/austin-wood-striped-men-polo-neck-blue-t-shirt/p/itm3d06a145cf880?pid=TSHFP2FCUZHTWAK3&lid=LSTTSHFP2FCUZHTWAK3XS0ION&marketplace=FLIPKART&q=Austin+Wood+Navy+Blue+Striped&store=clo&srno=s_1_3&otracker=search&otracker1=search&fm=SEARCH&iid=1bb3ee89-8029-4f7e-88d6-fb5d2c64758e.TSHFP2FCUZHTWAK3.SEARCH&ppt=sp&ppn=sp&ssid=gmtk9i21uo0000001622526165720&qH=9a83fc222ccb0b92
16933209,https://www.flipkart.com/muffy-solid-men-dark-blue-track-pants/p/itm2af34a395ce17?pid=TKPFHFHZAGGYJYKU&lid=LSTTKPFHFHZAGGYJYKUTI1S57&marketplace=FLIPKART&q=Muffy+Dark+Blue+Solid+Full+Length+Track+Pant&store=clo%2Fvua%2Fjlk%2F6ql&srno=s_1_1&otracker=search&otracker1=search&fm=SEARCH&iid=fec5c97e-51aa-4962-a87e-7ece458952bc.TKPFHFHZAGGYJYKU.SEARCH&ppt=sp&ppn=sp&ssid=p7ez8q13zk0000001622526219359&qH=9bd3f488cc681c87
16612248,https://www.flipkart.com/groofer-sneakers-men/p/itmb840c3c4c3f5e?pid=SHOFV5ZGMK9E4G8H&lid=LSTSHOFV5ZGMK9E4G8HZHCQVT&marketplace=FLIPKART&q=Groofer+Blue+Lace+Up+Sneakers&store=osp%2Fcil%2Fe1f&srno=s_1_1&otracker=search&otracker1=search&fm=organic&iid=aae938fb-2f8e-4a2e-ae7d-72005c824167.SHOFV5ZGMK9E4G8H.SEARCH&ppt=sp&ppn=sp&ssid=kkw2sjg2og0000001622526427467&qH=ab6e33a3fd42632e
17084557,https://www.flipkart.com/campus-sutra-slim-men-blue-jeans/p/itm6297e34ccab9e?pid=JEAFRUQFGTRZQ8Q2&lid=LSTJEAFRUQFGTRZQ8Q2JB5SES&marketplace=FLIPKART&q=Campus+Sutra+Light+Washed+Ripped+Denim+Jeans&store=clo%2Fvua%2Fk58%2Fi51&srno=s_1_11&otracker=search&otracker1=search&fm=SEARCH&iid=d250e400-7df0-427f-b1f8-e5e751f8e1d6.JEAFRUQFGTRZQ8Q2.SEARCH&ppt=sp&ppn=sp&ssid=di39tdoasw0000001622526627609&qH=d5119395d35c65b8
16798122,https://www.flipkart.com/jaipur-vastra-women-kurta-skirt-set/p/itmb2832bf69fd9b?pid=ETHFPTGQGUYU4P2K&lid=LSTETHFPTGQGUYU4P2KJUGNJQ&marketplace=FLIPKART&q=Jaipur+Vastra&store=clo&srno=s_1_15&otracker=search&otracker1=search&fm=SEARCH&iid=112c3e78-5880-4c6b-8a6d-0e7be534f26b.ETHFPTGQGUYU4P2K.SEARCH&ppt=sp&ppn=sp&ssid=lsu3ms1tsw0000001622527118570&qH=a86781f74ea085f2
17535856,https://www.flipkart.com/daavi-embroidered-kurta-sharara-dupatta-set/p/itm293a6d6b0f1b4?pid=SWDGY4EGTKWVHBTN&lid=LSTSWDGY4EGTKWVHBTNDVEONB&marketplace=FLIPKART&q=+Daavi&store=search.flipkart.com&srno=s_1_31&otracker=search&otracker1=search&fm=SEARCH&iid=7c29a0d8-1867-4a00-bcd6-32093d9d906d.SWDGY4EGTKWVHBTN.SEARCH&ppt=sp&ppn=sp&ssid=cnpzc67fog0000001622528067973&qH=632beebcba8dd798
17617309,https://www.flipkart.com/saanjh-women-kurta-pyjama-dupatta-set/p/itmb90bbcf526e94?pid=ETHGFSHMQB8FEBYV&lid=LSTETHGFSHMQB8FEBYV0GUOSA&marketplace=FLIPKART&q=Saanjh+Red+Cotton+Suit+Set+&store=clo&srno=s_1_2&otracker=search&otracker1=search&fm=SEARCH&iid=429803db-5952-49a2-8455-d2f9857b7dc1.ETHGFSHMQB8FEBYV.SEARCH&ppt=sp&ppn=sp&ssid=q59j5xrrq80000001622528234154&qH=2a4b4afc2b94c9c0
16894459,https://www.flipkart.com/i-voc-solid-men-brown-chino-shorts/p/itm037e774c72d3e?pid=SRTFZE7DGYVZW2FC&lid=LSTSRTFZE7DGYVZW2FCEQIROC&marketplace=FLIPKART&store=clo%2Fvua%2Fe8g%2Fkc7&srno=b_1_8&otracker=browse&fm=organic&iid=1904e24c-8f80-4abe-aa38-6b0c88443d7d.SRTFZE7DGYVZW2FC.SEARCH&ppt=browse&ppn=browse&ssid=00zydxii3k0000001622529043934
17338949,https://www.flipkart.com/urbano-plus-regular-men-grey-jeans/p/itm39b8ad4a7f1da?pid=JEAFW2YECY4AYWUM&lid=LSTJEAFW2YECY4AYWUM1R7HWR&marketplace=FLIPKART&q=Urbano+Plus&store=clo&srno=s_1_1&otracker=search&otracker1=search&fm=SEARCH&iid=7313df05-4aaf-42c5-aee0-9d93f9843e7f.JEAFW2YECY4AYWUM.SEARCH&ppt=pp&ppn=pp&ssid=pn6qo6bw4w0000001622529143605&qH=1d4aa5fd602e4367
17563050,https://www.flipkart.com/cotrel-regular-fit-women-black-trousers/p/itmc18452d16436c?pid=TROGYEJPD7GSZHAF&lid=LSTTROGYEJPD7GSZHAFD4WEIV&marketplace=FLIPKART&sattr[]=color&st=color
16925923,https://www.flipkart.com/inspire-slim-fit-men-black-trousers/p/itmfdyxb8rf7gfan?pid=TROFDYKY5YFJNB82&lid=LSTTROFDYKY5YFJNB82J6BYIG&marketplace=FLIPKART&store=clo%2Fvua%2Fmle%2Flhk&srno=b_1_40&otracker=browse&fm=organic&iid=a07a8998-453a-4b16-86fc-c1a328091e1f.TROFDYKY5YFJNB82.SEARCH&ssid=054xqw59fk0000001615934717585
16952422,https://www.flipkart.com/gespo-men-solid-casual-yellow-shirt/p/itm5c6e36c419f9e?pid=SHTFNSFBVCKVKGFC&lid=LSTSHTFNSFBVCKVKGFCFNDJKI&marketplace=FLIPKART&q=GESPO+Yellow+Solid+Casual+Shirt&store=clo%2Fash%2Faxc%2Fmmk%2Fkp7&srno=s_1_1&otracker=search&otracker1=search&fm=SEARCH&iid=96376763-b2a3-45ec-bb22-bd6c148d0d00.SHTFNSFBVCKVKGFC.SEARCH&ppt=sp&ppn=sp&ssid=wil2fpvzts0000001622531209176&qH=c6b540d9d3db5442
16525266,https://www.flipkart.com/force-10-liberty-boys-lace-formal-boots/p/itmfhgczfbqybem8?pid=KSSF3EMWBGCPG4JB&lid=LSTKSSF3EMWBGCPG4JBXNTGCB&marketplace=FLIPKART&store=osp&srno=b_1_8&otracker=browse&fm=organic&iid=089cc750-3da0-446d-8a4a-40e28c2646df.KSSF3EMWBGCPG4JB.SEARCH&ppt=browse&ppn=browse&ssid=hh9vguzc1s0000001622531279328
17097766,https://www.flipkart.com/janasya-women-printed-a-line-kurta/p/itmb6a23d5f07dfd?pid=KTAFSEQA9F9S6FCA&lid=LSTKTAFSEQA9F9S6FCAQX3T18&marketplace=FLIPKART&q=Janasya&store=clo&srno=s_1_30&otracker=search&otracker1=search&fm=SEARCH&iid=cf2dd2d7-b8bd-4261-a42f-d67ab8d6efda.KTAFSEQA9F9S6FCA.SEARCH&ppt=sp&ppn=sp&ssid=twe54wexc00000001622531404265&qH=dfc9668a5965bb9e
17602247,https://www.flipkart.com/tissu-women-printed-straight-kurta/p/itm405b4f887afdd?pid=KTAGFYPUHTUDSXFY&lid=LSTKTAGFYPUHTUDSXFYRHNE1A&marketplace=FLIPKART&q=Tissu+printed+rayon+Straight+Kurti&store=clo%2Fcfv%2Fcib%2Frkt&srno=s_1_22&otracker=search&otracker1=search&fm=SEARCH&iid=9750b373-96b5-434e-b4fd-27418b9bec86.KTAGFYPUHTUDSXFY.SEARCH&ppt=sp&ppn=sp&ssid=m8xbz1oogw0000001622531518915&qH=9f7218e6634929c0
16816184,https://www.flipkart.com/gentino-striped-men-polo-neck-multicolor-t-shirt/p/itm25dbee164010c?pid=TSHFP4WS4C3GR5WP&lid=LSTTSHFP4WS4C3GR5WPZZT1CV&marketplace=FLIPKART&q=Gentino&store=clo%2Fash&srno=s_1_1&otracker=search&otracker1=search&fm=SEARCH&iid=38b11a1a-d2aa-49e3-9a92-38df6e6c33ac.TSHFP4WS4C3GR5WP.SEARCH&ppt=sp&ppn=sp&ssid=z0nmjqbgi80000001622532206022&qH=7ac506ac2dff7d53
17611368,https://www.flipkart.com/ishin-women-embroidered-flared-kurta/p/itm9f9bc5ac54ff2?pid=KTAFVFQQUPKGYCYP&lid=LSTKTAFVFQQUPKGYCYPA3BRFZ&marketplace=FLIPKART&q=Peach+Cotton+Anarkali+Kurta+Ishin&store=clo%2Fcfv%2Fcib%2Frkt&srno=s_1_18&otracker=search&otracker1=search&fm=SEARCH&iid=eb3912ce-79dc-43f3-b3ea-6aadec087140.KTAFVFQQUPKGYCYP.SEARCH&ppt=sp&ppn=sp&ssid=0srbpacqe80000001622532530825&qH=b547a49baef5cb63
16952433,https://www.flipkart.com/gespo-striped-men-round-neck-light-green-black-t-shirt/p/itm86d1983eeff8d?pid=TSHFVGC2H6BSXHPH&lid=LSTTSHFVGC2H6BSXHPHPJYSXS&marketplace=FLIPKART&q=++GESPO&store=clo%2Fash%2Fank%2Fedy&srno=s_1_2&otracker=search&otracker1=search&fm=SEARCH&iid=6bf7409e-ba5b-402c-b650-e84bc43d5c37.TSHFVGC2H6BSXHPH.SEARCH&ppt=sp&ppn=sp&ssid=1zgtcxfbq80000001622532590587&qH=9a562f21f8910772
